Name,Sex
"Cumings, Mrs. John Bradley (Florence Briggs Thayer)",female
"Allen, Mr. William Henry",male
"McCarthy, Mr. Timothy J",male
"Johnson, Mrs. Oscar W (Elisabeth Vilhelmina Berg)",female
"Saundercock, Mr. William Henry",male
"Vestrom, Miss. Hulda Amanda Adolfina",female
"Hewlett, Mrs. (Mary D Kingcome) ",female
"Vander Planke, Mrs. Julius (Emelia Maria Vandemoortele)",female
"Masselmani, Mrs. Fatima",female
"McGowan, Miss. Anna ""Annie""",female
"Palsson, Miss. Torborg Danira",female
"Emir, Mr. Farred Chehab",male
"Mamee, Mr. Hanna",male
"Cann, Mr. Ernest Charles",male
"Laroche, Miss. Simonne Marie Anne Andree",female
"Devaney, Miss. Margaret Delia",female
"Samaan, Mr. Youssef",male
"Arnold-Franchi, Mrs. Josef (Josefine Franchi)",female
"Harper, Mrs. Henry Sleeper (Myna Haxtun)",female
"Faunthorpe, Mrs. Lizzie (Elizabeth Anne Wilkinson)",female
"Goodwin, Master. William Frederick",male
"Skoog, Master. Harald",male
"Stewart, Mr. Albert A",male
"Moubarek, Master. Gerios",male
"Nye, Mrs. (Elizabeth Ramell)",female
"Kink, Mr. Vincenz",male
"Jenkin, Mr. Stephen Curnow",male
"Hood, Mr. Ambrose Jr",male
"Bing, Mr. Lee",male
"Moutal, Mr. Rahamin Haim",male
"Dowdell, Miss. Elizabeth",female
"Ford, Mr. William Neal",male
"Slocovski, Mr. Selman Francis",male
"Fortune, Miss. Mabel Helen",female
"Christmann, Mr. Emil",male
"Chaffee, Mr. Herbert Fuller",male
"Goldschmidt, Mr. George B",male
"Doling, Mrs. John T (Ada Julia Bone)",female
"Petranec, Miss. Matilda",female
"Gustafsson, Mr. Anders Vilhelm",male
"Zabour, Miss. Hileni",female
"Barton, Mr. David John",male
"Jussila, Miss. Katriina",female
"Attalah, Miss. Malake",female
"Turpin, Mr. William John Robert",male
"Andersson, Miss. Ellis Anna Maria",female
"Hickman, Mr. Stanley George",male
"Nasser, Mr. Nicholas",male
"Nicola-Yarred, Master. Elias",male
"Madsen, Mr. Fridtjof Arne",male
"Osen, Mr. Olaf Elon",male
"Nysten, Miss. Anna Sofia",female
"Hakkarainen, Mrs. Pekka Pietari (Elin Matilda Dolck)",female
"Bateman, Rev. Robert James",male
"van Billiard, Mr. Austin Blyler",male
"Gilnagh, Miss. Katherine ""Katie""",female
"Corn, Mr. Harry",male
"Sage, Master. Thomas Henry",male
"Cribb, Mr. John Hatfield",male
"Bengtsson, Mr. John Viktor",male
"Goldsmith, Master. Frank John William ""Frankie""",male
"Baumann, Mr. John D",male
"Ling, Mr. Lee",male
"Klasen, Mr. Klas Albin",male
"Lefebre, Master. Henry Forbes",male
"Hale, Mr. Reginald",male
"Leonard, Mr. Lionel",male
"Asplund, Master. Clarence Gustaf Hugo",male
"Kink-Heilmann, Miss. Luise Gretchen",female
"O'Brien, Mrs. Thomas (Johanna ""Hannah"" Godfrey)",female
"Brown, Mrs. James Joseph (Margaret Tobin)",female
"Olsen, Mr. Karl Siegwart Andreas",male
"Yrois, Miss. Henriette (""Mrs Harbeck"")",female
"Vande Walle, Mr. Nestor Cyriel",male
"Youseff, Mr. Gerious",male
"Backstrom, Mr. Karl Alfred",male
"Carr, Miss. Helen ""Ellen""",female
"Givard, Mr. Hans Kristensen",male
"Honkanen, Miss. Eliina",female
"Bazzani, Miss. Albina",female
"Sunderland, Mr. Victor Francis",male
"Green, Mr. George Henry",male
"Hoyt, Mr. Frederick Maxfield",male
"Berglund, Mr. Karl Ivar Sven",male
"Lovell, Mr. John Hall (""Henry"")",male
"Larsson, Mr. Bengt Edvin",male
"Pengelly, Mr. Frederick William",male
"Hunt, Mr. George Henry",male
"Zabour, Miss. Thamine",female
"Murphy, Miss. Katherine ""Kate""",female
"Lindahl, Miss. Agda Thorilda Viktoria",female
"Beckwith, Mr. Richard Leonard",male
"Carter, Rev. Ernest Courtenay",male
"Reed, Mr. James George",male
"Ward, Miss. Anna",female
"Taussig, Mr. Emil",male
"Harrison, Mr. William",male
"Graham, Mrs. William Thompson (Edith Junkins)",female
"Mellinger, Mrs. (Elizabeth Anne Maidment)",female
"Natsch, Mr. Charles H",male
"Andrews, Miss. Kornelia Theodosia",female
"Duane, Mr. Frank",male
"de Pelsmaeker, Mr. Alfons",male
"Dorking, Mr. Edward Arthur",male
"Smith, Mr. Richard William",male
"Bishop, Mrs. Dickinson H (Helen Walton)",female
"Hanna, Mr. Mansour",male
"Williams, Mr. Howard Hugh ""Harry""",male
"Allison, Master. Hudson Trevor",male
"Fleming, Miss. Margaret",female
"Francatelli, Miss. Laura Mabel",female
"Hendekovic, Mr. Ignjac",male
"Hart, Mr. Benjamin",male
"Nilsson, Miss. Helmina Josefina",female
"Sage, Mr. George John Jr",male
"Nysveen, Mr. Johan Hansen",male
"McCoy, Miss. Agnes",female
"Vander Planke, Mr. Leo Edmondus",male
"Sedgwick, Mr. Charles Frederick Waddington",male
"Brown, Miss. Amelia ""Mildred""",female
"Davison, Mrs. Thomas Henry (Mary E Finck)",female
"Dimic, Mr. Jovan",male
"Odahl, Mr. Nils Martin",male
"Bowerman, Miss. Elsie Edith",female
"Mockler, Miss. Helen Mary ""Ellie""",female
"del Carlo, Mr. Sebastiano",male
"Barbara, Mrs. (Catherine David)",female
"O'Brien, Mr. Thomas",male
"Moussa, Mrs. (Mantoura Boulos)",female
"Jermyn, Miss. Annie",female
"Wiklund, Mr. Jakob Alfred",male
"Palsson, Miss. Stina Viola",female
"Meyer, Mrs. Edgar Joseph (Leila Saks)",female
"Landergren, Miss. Aurora Adelia",female
"Tikkanen, Mr. Juho",male
"Holverson, Mrs. Alexander Oskar (Mary Aline Towner)",female
"Davies, Mr. Charles Henry",male
"Jansson, Mr. Carl Olof",male
"Johansson, Mr. Erik",male
"McKane, Mr. Peter David",male
"Niskanen, Mr. Juha",male
"Jussila, Miss. Mari Aina",female
"Birkeland, Mr. Hans Martin Monsen",male
"Lefebre, Miss. Ida",female
"Sdycoff, Mr. Todor",male
"Hart, Mr. Henry",male
"Minahan, Miss. Daisy E",female
"Sundman, Mr. Johan Julian",male
